{"cameraMode":{"drawMode":0,"name":"Shaded","section":"Shading Mode"},"sceneLighting":false,"audioPlay":false,"sceneViewState":{"m_AlwaysRefresh":false,"showFog":false,"showSkybox":false,"showFlares":false,"showImageEffects":false,"showParticleSystems":false,"showVisualEffectGraphs":true,"m_FxEnabled":true},"in2DMode":false,"pivot":{"x":0.16743490099906922,"y":0.710479736328125,"z":-0.10198312997817993},"rotation":{"x":0.14198054373264314,"y":0.024353668093681337,"z":-0.0035154062788933517,"w":0.9896026253700256},"size":2.1489315032958986,"orthographic":false}