{"cameraMode":{"drawMode":0,"name":"Shaded","section":"Shading Mode"},"sceneLighting":true,"audioPlay":false,"sceneViewState":{"m_AlwaysRefresh":false,"showFog":true,"showSkybox":true,"showFlares":true,"showImageEffects":true,"showParticleSystems":true,"showVisualEffectGraphs":true,"m_FxEnabled":false},"in2DMode":false,"pivot":{"x":-19.62760353088379,"y":-76.79905700683594,"z":-17.210954666137697},"rotation":{"x":0.010403777472674847,"y":-0.9757937788963318,"z":0.21530693769454957,"w":0.043550603091716769},"size":6.913477420806885,"orthographic":false}