{"cameraMode":{"drawMode":0,"name":"Shaded","section":"Shading Mode"},"sceneLighting":true,"audioPlay":false,"sceneViewState":{"m_AlwaysRefresh":false,"showFog":false,"showSkybox":true,"showFlares":true,"showImageEffects":true,"showParticleSystems":true,"showVisualEffectGraphs":true,"m_FxEnabled":false},"in2DMode":false,"pivot":{"x":-4.404936790466309,"y":-12.235444068908692,"z":7.622359275817871},"rotation":{"x":0.30418309569358828,"y":-0.025877077132463456,"z":0.00869685597717762,"w":0.9519002437591553},"size":47.37611389160156,"orthographic":false}