{"cameraMode":{"drawMode":0,"name":"Shaded","section":"Shading Mode"},"sceneLighting":true,"audioPlay":false,"sceneViewState":{"m_AlwaysRefresh":false,"showFog":true,"showSkybox":true,"showFlares":true,"showImageEffects":true,"showParticleSystems":true,"showVisualEffectGraphs":true,"m_FxEnabled":false},"in2DMode":false,"pivot":{"x":1541.1568603515625,"y":622.4553833007813,"z":1063.27978515625},"rotation":{"x":0.04588083177804947,"y":-0.00867309607565403,"z":0.0004198923415970057,"w":0.9989504814147949},"size":939.521728515625,"orthographic":false}