{"cameraMode":{"drawMode":0,"name":"Shaded","section":"Shading Mode"},"sceneLighting":true,"audioPlay":false,"sceneViewState":{"m_AlwaysRefresh":false,"showFog":false,"showSkybox":true,"showFlares":true,"showImageEffects":true,"showParticleSystems":true,"showVisualEffectGraphs":true,"m_FxEnabled":true},"in2DMode":false,"pivot":{"x":-20.303701400756837,"y":3.6610164642333986,"z":2.714569091796875},"rotation":{"x":0.14295384287834168,"y":-0.3426034152507782,"z":0.05283123254776001,"w":0.9270374774932861},"size":12.236541748046875,"orthographic":false}