{"cameraMode":{"drawMode":0,"name":"Shaded","section":"Shading Mode"},"sceneLighting":true,"audioPlay":false,"sceneViewState":{"m_AlwaysRefresh":false,"showFog":true,"showSkybox":true,"showFlares":true,"showImageEffects":true,"showParticleSystems":true,"showVisualEffectGraphs":true,"m_FxEnabled":true},"in2DMode":false,"pivot":{"x":-15.171953201293946,"y":12.164854049682618,"z":-4.320528984069824},"rotation":{"x":-0.006194136571139097,"y":-0.8479403257369995,"z":-0.009914358146488667,"w":0.5299715995788574},"size":10.224417686462403,"orthographic":false}