{"cameraMode":{"drawMode":0,"name":"Shaded","section":"Shading Mode"},"sceneLighting":true,"audioPlay":false,"sceneViewState":{"m_AlwaysRefresh":false,"showFog":false,"showSkybox":true,"showFlares":true,"showImageEffects":true,"showParticleSystems":true,"showVisualEffectGraphs":true,"m_FxEnabled":false},"in2DMode":false,"pivot":{"x":3.4140446186065676,"y":-79.9691390991211,"z":102.07726287841797},"rotation":{"x":-0.2552667558193207,"y":0.0013783125905320049,"z":-0.005590176675468683,"w":-0.9662351608276367},"size":121.2205581665039,"orthographic":false}