{"cameraMode":{"drawMode":0,"name":"Shaded","section":"Shading Mode"},"sceneLighting":true,"audioPlay":false,"sceneViewState":{"m_AlwaysRefresh":false,"showFog":false,"showSkybox":true,"showFlares":true,"showImageEffects":true,"showParticleSystems":true,"showVisualEffectGraphs":true,"m_FxEnabled":true},"in2DMode":false,"pivot":{"x":39.11455154418945,"y":-53.750755310058597,"z":-38.756622314453128},"rotation":{"x":0.1768971085548401,"y":-0.15139985084533692,"z":0.027550173923373224,"w":0.9721246957778931},"size":21.44379997253418,"orthographic":false}