{"cameraMode":{"drawMode":0,"name":"Shaded","section":"Shading Mode"},"sceneLighting":true,"audioPlay":false,"sceneViewState":{"m_AlwaysRefresh":false,"showFog":true,"showSkybox":true,"showFlares":true,"showImageEffects":true,"showParticleSystems":true,"showVisualEffectGraphs":true,"m_FxEnabled":true},"in2DMode":false,"pivot":{"x":86.46055603027344,"y":-225.9678955078125,"z":232.96189880371095},"rotation":{"x":0.2588517963886261,"y":0.2066764384508133,"z":-0.056808456778526309,"w":0.9418659210205078},"size":176.27182006835938,"orthographic":false}