{"cameraMode":{"drawMode":0,"name":"Shaded","section":"Shading Mode"},"sceneLighting":true,"audioPlay":false,"sceneViewState":{"m_AlwaysRefresh":false,"showFog":true,"showSkybox":true,"showFlares":true,"showImageEffects":true,"showParticleSystems":true,"showVisualEffectGraphs":true,"m_FxEnabled":true},"in2DMode":false,"pivot":{"x":9.833425521850586,"y":-102.53681945800781,"z":33.96216583251953},"rotation":{"x":0.35445040464401247,"y":-0.018232833594083787,"z":0.0069124349392950539,"w":0.9348723292350769},"size":53.9903450012207,"orthographic":false}