{"cameraMode":{"drawMode":0,"name":"Shaded","section":"Shading Mode"},"sceneLighting":true,"audioPlay":false,"sceneViewState":{"m_AlwaysRefresh":false,"showFog":true,"showSkybox":true,"showFlares":true,"showImageEffects":true,"showParticleSystems":true,"showVisualEffectGraphs":true,"m_FxEnabled":false},"in2DMode":false,"pivot":{"x":7.100218296051025,"y":-57.17770767211914,"z":19.214468002319337},"rotation":{"x":0.22590653598308564,"y":0.37000659108161929,"z":-0.09325703233480454,"w":0.8963125348091126},"size":25.738710403442384,"orthographic":false}