{"cameraMode":{"drawMode":0,"name":"Shaded","section":"Shading Mode"},"sceneLighting":true,"audioPlay":false,"sceneViewState":{"m_AlwaysRefresh":false,"showFog":false,"showSkybox":true,"showFlares":true,"showImageEffects":true,"showParticleSystems":true,"showVisualEffectGraphs":true,"m_FxEnabled":false},"in2DMode":false,"pivot":{"x":1735.7017822265625,"y":746.0895385742188,"z":359.02569580078127},"rotation":{"x":0.006309926975518465,"y":0.005690832156687975,"z":0.00043219781946390867,"w":0.9996525645256043},"size":483.723388671875,"orthographic":false}