{"cameraMode":{"drawMode":0,"name":"Shaded","section":"Shading Mode"},"sceneLighting":true,"audioPlay":false,"sceneViewState":{"m_AlwaysRefresh":false,"showFog":true,"showSkybox":true,"showFlares":true,"showImageEffects":true,"showParticleSystems":true,"showVisualEffectGraphs":true,"m_FxEnabled":true},"in2DMode":false,"pivot":{"x":207.28468322753907,"y":-96.3494873046875,"z":-18.720836639404298},"rotation":{"x":-0.005888047162443399,"y":-0.8979119658470154,"z":0.4407484233379364,"w":-0.012708444148302079},"size":21.369821548461915,"orthographic":false}