{"cameraMode":{"drawMode":0,"name":"Shaded","section":"Shading Mode"},"sceneLighting":true,"audioPlay":false,"sceneViewState":{"m_AlwaysRefresh":false,"showFog":false,"showSkybox":true,"showFlares":true,"showImageEffects":true,"showParticleSystems":true,"showVisualEffectGraphs":true,"m_FxEnabled":false},"in2DMode":false,"pivot":{"x":9.089094161987305,"y":-33.86515808105469,"z":22.75840187072754},"rotation":{"x":-0.17632104456424714,"y":-0.025986025109887124,"z":0.0046555157750844959,"w":-0.9839823246002197},"size":64.64765167236328,"orthographic":false}