{"cameraMode":{"drawMode":0,"name":"Shaded","section":"Shading Mode"},"sceneLighting":true,"audioPlay":false,"sceneViewState":{"m_AlwaysRefresh":false,"showFog":true,"showSkybox":true,"showFlares":true,"showImageEffects":true,"showParticleSystems":true,"showVisualEffectGraphs":true,"m_FxEnabled":true},"in2DMode":false,"pivot":{"x":-14.726600646972657,"y":13.418246269226075,"z":-8.12631607055664},"rotation":{"x":-0.0003517863224260509,"y":-0.6658305525779724,"z":-0.000046500019379891455,"w":0.746051013469696},"size":2.953150749206543,"orthographic":false}