{"cameraMode":{"drawMode":0,"name":"Shaded","section":"Shading Mode"},"sceneLighting":true,"audioPlay":false,"sceneViewState":{"m_AlwaysRefresh":false,"showFog":false,"showSkybox":true,"showFlares":true,"showImageEffects":true,"showParticleSystems":true,"showVisualEffectGraphs":true,"m_FxEnabled":true},"in2DMode":false,"pivot":{"x":1032.6131591796875,"y":540.4266357421875,"z":149.61654663085938},"rotation":{"x":-0.009301857091486454,"y":0.0005849974695593119,"z":-0.00009727932047098875,"w":-1.0000211000442505},"size":621.0355224609375,"orthographic":false}