{"cameraMode":{"drawMode":0,"name":"Shaded","section":"Shading Mode"},"sceneLighting":true,"audioPlay":false,"sceneViewState":{"m_AlwaysRefresh":false,"showFog":false,"showSkybox":true,"showFlares":true,"showImageEffects":true,"showParticleSystems":true,"showVisualEffectGraphs":true,"m_FxEnabled":true},"in2DMode":false,"pivot":{"x":13.533775329589844,"y":-59.25006866455078,"z":81.76409912109375},"rotation":{"x":-0.05039968341588974,"y":-0.15014217793941499,"z":0.007662246469408274,"w":-0.9873631596565247},"size":144.14059448242188,"orthographic":false}