{"cameraMode":{"drawMode":0,"name":"Shaded","section":"Shading Mode"},"sceneLighting":true,"audioPlay":false,"sceneViewState":{"m_AlwaysRefresh":false,"showFog":false,"showSkybox":true,"showFlares":true,"showImageEffects":true,"showParticleSystems":true,"showVisualEffectGraphs":true,"m_FxEnabled":true},"in2DMode":false,"pivot":{"x":484.61468505859377,"y":-420.97039794921877,"z":-222.19801330566407},"rotation":{"x":0.15908174216747285,"y":0.7937575578689575,"z":-0.23428241908550263,"w":0.5383879542350769},"size":388.18341064453127,"orthographic":false}