{"cameraMode":{"drawMode":0,"name":"Shaded","section":"Shading Mode"},"sceneLighting":true,"audioPlay":false,"sceneViewState":{"m_AlwaysRefresh":false,"showFog":true,"showSkybox":true,"showFlares":true,"showImageEffects":true,"showParticleSystems":true,"showVisualEffectGraphs":true,"m_FxEnabled":true},"in2DMode":false,"pivot":{"x":153.10166931152345,"y":193.91226196289063,"z":-223.57040405273438},"rotation":{"x":0.338675320148468,"y":0.18654944002628327,"z":-0.0690992996096611,"w":0.9200150370597839},"size":105.22364044189453,"orthographic":false}