{"cameraMode":{"drawMode":0,"name":"Shaded","section":"Shading Mode"},"sceneLighting":true,"audioPlay":false,"sceneViewState":{"m_AlwaysRefresh":false,"showFog":false,"showSkybox":true,"showFlares":true,"showImageEffects":true,"showParticleSystems":true,"showVisualEffectGraphs":true,"m_FxEnabled":false},"in2DMode":false,"pivot":{"x":-6.201494216918945,"y":-85.77951049804688,"z":0.6692695617675781},"rotation":{"x":0.39497053623199465,"y":0.07291649281978607,"z":-0.03146645799279213,"w":0.9152554869651794},"size":31.807281494140626,"orthographic":false}