{"cameraMode":{"drawMode":0,"name":"Shaded","section":"Shading Mode"},"sceneLighting":true,"audioPlay":false,"sceneViewState":{"m_AlwaysRefresh":false,"showFog":false,"showSkybox":true,"showFlares":true,"showImageEffects":true,"showParticleSystems":true,"showVisualEffectGraphs":true,"m_FxEnabled":true},"in2DMode":false,"pivot":{"x":-7.667821407318115,"y":-68.27432250976563,"z":124.55904388427735},"rotation":{"x":-0.152988001704216,"y":0.014144045300781727,"z":-0.0023383954539895059,"w":-0.9881832003593445},"size":123.64606475830078,"orthographic":false}