{"cameraMode":{"drawMode":0,"name":"Shaded","section":"Shading Mode"},"sceneLighting":true,"audioPlay":false,"sceneViewState":{"m_AlwaysRefresh":false,"showFog":false,"showSkybox":true,"showFlares":true,"showImageEffects":true,"showParticleSystems":true,"showVisualEffectGraphs":true,"m_FxEnabled":true},"in2DMode":false,"pivot":{"x":27.895782470703126,"y":-67.57118225097656,"z":29.387353897094728},"rotation":{"x":-0.037920769304037097,"y":0.9612562656402588,"z":-0.21155036985874177,"w":-0.17292433977127076},"size":16.343061447143556,"orthographic":false}