{"cameraMode":{"drawMode":0,"name":"Shaded","section":"Shading Mode"},"sceneLighting":true,"audioPlay":false,"sceneViewState":{"m_AlwaysRefresh":false,"showFog":false,"showSkybox":true,"showFlares":true,"showImageEffects":true,"showParticleSystems":true,"showVisualEffectGraphs":true,"m_FxEnabled":true},"in2DMode":false,"pivot":{"x":26.30661964416504,"y":-77.25076293945313,"z":5.209430694580078},"rotation":{"x":-0.006799380760639906,"y":0.9899725317955017,"z":-0.13174869120121003,"w":-0.051745686680078509},"size":11.924027442932129,"orthographic":false}