{"cameraMode":{"drawMode":0,"name":"Shaded","section":"Shading Mode"},"sceneLighting":true,"audioPlay":false,"sceneViewState":{"m_AlwaysRefresh":false,"showFog":true,"showSkybox":true,"showFlares":true,"showImageEffects":true,"showParticleSystems":true,"showVisualEffectGraphs":true,"m_FxEnabled":false},"in2DMode":false,"pivot":{"x":-21.34480857849121,"y":-74.92159271240235,"z":-9.156423568725586},"rotation":{"x":0.08747750520706177,"y":-0.14234822988510133,"z":0.012630271725356579,"w":0.9858633279800415},"size":0.5593823194503784,"orthographic":false}