{"cameraMode":{"drawMode":0,"name":"Shaded","section":"Shading Mode"},"sceneLighting":true,"audioPlay":false,"sceneViewState":{"m_AlwaysRefresh":false,"showFog":true,"showSkybox":true,"showFlares":true,"showImageEffects":true,"showParticleSystems":true,"showVisualEffectGraphs":true,"m_FxEnabled":true},"in2DMode":false,"pivot":{"x":-2.7437219619750978,"y":10.793659210205079,"z":-0.38329362869262698},"rotation":{"x":-0.2162785679101944,"y":-0.1539115309715271,"z":0.034548453986644748,"w":-0.9635094404220581},"size":11.535876274108887,"orthographic":false}