{"cameraMode":{"drawMode":0,"name":"Shaded","section":"Shading Mode"},"sceneLighting":true,"audioPlay":false,"sceneViewState":{"m_AlwaysRefresh":false,"showFog":false,"showSkybox":true,"showFlares":true,"showImageEffects":true,"showParticleSystems":true,"showVisualEffectGraphs":true,"m_FxEnabled":true},"in2DMode":false,"pivot":{"x":-12.800531387329102,"y":-0.7581624984741211,"z":-7.8646697998046879},"rotation":{"x":-0.24521595239639283,"y":0.5539034008979797,"z":-0.17499247193336488,"w":-0.7761937379837036},"size":18.063934326171876,"orthographic":false}