{"cameraMode":{"drawMode":0,"name":"Shaded","section":"Shading Mode"},"sceneLighting":true,"audioPlay":false,"sceneViewState":{"m_AlwaysRefresh":false,"showFog":false,"showSkybox":true,"showFlares":true,"showImageEffects":true,"showParticleSystems":true,"showVisualEffectGraphs":true,"m_FxEnabled":false},"in2DMode":false,"pivot":{"x":-5.399839878082275,"y":30.211416244506837,"z":62.4438591003418},"rotation":{"x":-0.0018744416302070022,"y":-0.9976736307144165,"z":0.05872906744480133,"w":-0.023935746401548387},"size":20.490678787231447,"orthographic":false}