{"cameraMode":{"drawMode":0,"name":"Shaded","section":"Shading Mode"},"sceneLighting":true,"audioPlay":false,"sceneViewState":{"m_AlwaysRefresh":false,"showFog":true,"showSkybox":true,"showFlares":true,"showImageEffects":true,"showParticleSystems":true,"showVisualEffectGraphs":true,"m_FxEnabled":false},"in2DMode":false,"pivot":{"x":217.17129516601563,"y":-60.58969497680664,"z":2.4065144062042238},"rotation":{"x":-0.11058046668767929,"y":0.8712136149406433,"z":-0.4195658564567566,"w":-0.22961626946926118},"size":104.25179290771485,"orthographic":false}